Date,Consumption,avg_max,avg_min,avg_rain,avg_temp
2018-01-01,87.3,23.775773268479572,11.385370914752666,0.0,17.58057209161612
2018-01-02,87.9,23.42297862126276,11.027654060950654,0.0,17.22531634110671
2018-01-03,92.1,21.428075203528767,10.351028222304127,0.0,15.889551712916447
2018-01-04,96.6,20.518271519587593,9.465576501993034,0.0,14.991924010790314
2018-01-05,98.5,21.488782882690415,8.556000819573033,0.0,15.022391851131724
2018-01-06,94.8,19.51550593742958,8.294678834768444,0.0,13.905092386099012
2018-01-07,90.9,19.79289135566124,7.9014225006103525,0.0,13.847156928135796
2018-01-08,103.3,19.977224643413837,6.527955972231353,0.0,13.252590307822596
2018-01-09,111.5,21.554900389451237,7.360009010021506,0.0,14.457454699736372
2018-01-10,113.2,20.90493825765756,7.937941844646753,0.0,14.421440051152157
2018-01-11,112.5,20.31222798274113,8.325734321887678,0.0,14.318981152314404
2018-01-12,113.9,20.57981755183291,8.890369048485384,0.0,14.735093300159146
2018-01-13,112.7,20.839436457707322,8.904738169450026,0.0,14.872087313578675
2018-01-14,104.5,20.657220106858464,8.968974186823916,0.0,14.81309714684119
2018-01-15,107.8,21.394409032968376,8.644398799309363,0.0,15.01940391613887
2018-01-16,109.5,22.210393758920517,8.673731657174908,0.0,15.442062708047713
2018-01-17,110.9,22.914591422447792,9.03802193128146,0.0,15.976306676864626
2018-01-18,109.1,23.070554586557243,9.073760692889874,0.0,16.072157639723557
2018-01-19,108.4,22.971195807823758,9.21026967122004,0.0,16.090732739521897
2018-01-20,104.3,23.620258184579708,9.115303259629464,0.0,16.367780722104584
2018-01-21,102.1,23.75899138817421,10.202218129084658,0.0,16.980604758629433
2018-01-22,105.0,24.430040946373587,9.774469485649696,0.0,17.102255216011642
2018-01-23,110.1,24.988946767953728,9.990340049450207,0.0,17.489643408701966
2018-01-24,111.9,25.63318428626428,10.73805552262527,0.0,18.185619904444778
2018-01-25,110.9,24.65248606755184,12.113985281724204,0.0,18.383235674638023
2018-01-26,102.8,23.867116047785842,10.523249846238365,0.0,17.195182947012103
2018-01-27,107.1,22.296624990609978,10.678956728715157,0.018874487190535576,16.487790859662567
2018-01-28,103.7,23.42837157616248,9.506690172048714,0.0,16.4675308741056
2018-01-29,105.9,24.08846781804012,9.131763458251955,0.0,16.610115638146038
2018-01-30,115.0,24.467701104971084,9.74579495650071,0.0,17.106748030735897
2018-01-31,118.7,25.16876117999737,10.80759290548473,0.0,17.98817704274105
2018-02-01,123.2,25.7392446077787,11.269746707035937,0.0,18.50449565740732
2018-02-02,122.5,25.59451851477989,11.490385275620675,0.0,18.54245189520028
2018-02-03,120.1,26.451599121093746,11.67936442448542,0.0,19.065481772789582
2018-02-04,113.3,27.309809024517367,13.032717558053834,0.0,20.1712632912856
2018-02-05,115.1,26.96803621145394,14.22599425682655,0.0,20.597015234140244
2018-02-06,118.1,26.54301863450269,13.962458243736855,0.0,20.252738439119774
2018-02-07,119.4,27.43814292320838,13.927781178401062,0.0,20.682962050804722
2018-02-08,118.5,26.941843766432548,15.391217011671806,0.0,21.166530389052177
2018-02-09,119.4,27.62874661959135,14.200250332172114,0.0,20.914498475881732
2018-02-10,118.9,26.37238854628344,14.70930326901951,0.0,20.540845907651473
2018-02-11,108.5,26.653665982759925,13.582156181335469,0.0,20.117911082047698
2018-02-12,116.8,27.687623684222874,12.69247187100924,0.0,20.19004777761606
2018-02-13,121.8,27.51871578509991,14.072964668273924,0.0,20.795840226686916
2018-02-14,123.2,27.653414652897766,15.333280196556693,0.0,21.49334742472723
2018-02-15,121.9,27.556429202740006,13.733433136573195,0.34723277299693067,20.6449311696566
2018-02-16,119.3,27.567531145535973,12.951349185063291,0.0,20.259440165299633
2018-02-17,121.4,27.509550388042744,13.888279034541199,0.0,20.69891471129197
2018-02-18,115.7,28.37536430358887,14.379232259897085,0.0,21.377298281742977
2018-02-19,122.6,28.877708728496852,14.813657173743623,0.0,21.84568295112024
2018-02-20,126.9,29.100434816800636,15.580938926109901,0.0,22.34068687145527
2018-02-21,124.3,29.049877460186305,15.380511797391462,0.0,22.215194628788883
2018-02-22,123.8,29.70603209275466,15.355705041151781,0.0,22.53086856695322
2018-02-23,124.0,30.542156219482415,15.938890237074638,0.0,23.240523228278526
2018-02-24,125.5,31.01934447655311,16.745980776273285,0.010045576276201182,23.882662626413197
2018-02-25,117.2,31.776007725642277,17.047329242412864,0.0,24.411668484027572
2018-02-26,120.1,30.271969721867485,17.962272203885593,1.0414750968868085,24.11712096287654
2018-02-27,134.1,29.421146392822266,18.165835380554206,1.6821574428767851,23.793490886688236
2018-02-28,133.9,30.251477021437434,17.340197929969204,0.0,23.79583747570332
2018-03-01,122.9,30.682760678804836,18.67894598153922,0.0,24.680853330172027
2018-03-02,122.6,31.108734571016743,18.571210567767785,0.12532903931357645,24.839972569392266
2018-03-03,122.2,31.990208112276523,18.953246483436,0.24566722458059148,25.471727297856262
2018-03-04,116.7,32.462709867037255,18.838750105637775,0.0,25.650729986337517
2018-03-05,136.3,31.12339078463039,19.271614148066583,0.0,25.19750246634849
2018-03-06,136.9,31.877368046687216,18.576425919165995,0.19435115271445477,25.226896982926604
2018-03-07,137.1,30.99881597665639,16.89744978684645,0.03839108799443091,23.94813288175142
2018-03-08,146.7,31.387771019568806,16.533234302814186,0.0,23.960502661191498
2018-03-09,144.6,31.75929172222432,17.494318815378044,0.0,24.62680526880118
2018-03-10,143.7,31.97206438504732,17.09786099653977,0.30807867917147574,24.534962690793545
2018-03-11,137.3,32.19822003291203,17.74824274503267,0.3687080325502334,24.97323138897235
2018-03-12,143.3,31.810321220984825,18.55643221048208,0.2173352711128465,25.183376715733452
2018-03-13,152.8,32.02102044912485,18.84935650458704,1.1575535815773594,25.43518847685594
2018-03-14,148.3,32.53129166823168,18.268369601323055,0.0,25.399830634777366
2018-03-15,151.9,32.09207109304574,19.595789395845838,0.0,25.843930244445787
2018-03-16,150.4,31.56963113638071,21.085688224205608,0.13715754223592358,26.32765968029316
2018-03-17,143.5,32.17016396155724,19.556960839491623,0.0,25.863562400524433
2018-03-18,136.2,32.744144733135506,18.37031063666711,0.1554935332952123,25.557227684901306
2018-03-19,143.4,33.353243901179376,18.41718681042011,0.0,25.885215355799744
2018-03-20,146.3,33.324644822340744,18.355506236736588,0.0,25.840075529538666
2018-03-21,150.3,33.57319479722243,19.77347051180326,0.0,26.673332654512844
2018-03-22,155.9,33.68945987407978,20.607441095205463,0.0,27.148450484642623
2018-03-23,158.4,33.87164086561936,21.60943471468411,0.44541672775239666,27.740537790151734
2018-03-24,161.6,33.91318937448355,21.343552809495186,0.09046609383640891,27.62837109198937
2018-03-25,154.0,33.44075246957631,21.840780404897846,0.3440935643333377,27.640766437237076
2018-03-26,159.1,33.625461431649995,21.10811629662148,2.9058102965354946,27.366788864135735
2018-03-27,158.1,33.138140898484444,21.318249335655814,0.26975569761160656,27.22819511707013
2018-03-28,163.0,33.589192170363205,21.038613539475666,0.0,27.313902854919434
2018-03-29,162.4,32.93524859501767,22.123863513653085,0.004690523852001545,27.529556054335377
2018-03-30,157.6,31.291227047260005,22.148803857656624,1.850347992145655,26.720015452458313
2018-03-31,143.2,30.437872519859887,20.482836943406337,2.889039254098226,25.46035473163311
2018-04-01,115.5,31.802570783174946,20.083089388333836,2.1298312571915727,25.94283008575439
2018-04-02,117.2,30.68885304377629,18.939456939697262,7.558937633579428,24.81415499173678
2018-04-03,145.8,32.829485233013436,19.862599152785087,0.0,26.34604219289926
2018-04-04,158.6,32.75906665508564,20.923129008366494,0.1740551572857482,26.841097831726067
2018-04-05,160.2,31.12449924762433,21.474543791550865,0.03292139371236151,26.299521519587596
2018-04-06,160.9,31.516466727623573,20.62104034423828,2.6714909758531715,26.068753535930927
2018-04-07,155.5,32.17976643488958,22.781610195453364,0.09231266108426182,27.48068831517147
2018-04-08,127.9,31.28950265737679,20.279562876774733,14.811162686709197,25.78453276707576
2018-04-09,145.7,31.67136588463417,21.266515585092403,1.0172183333021212,26.46894073486329
2018-04-10,138.5,31.440680870643032,20.712728500366193,5.980323267253959,26.076704685504613
2018-04-11,147.5,31.728473369891823,21.230594488290635,6.325619513789811,26.47953392909123
2018-04-12,132.9,31.984177075899588,20.976461117084213,12.412522096525533,26.4803190964919
2018-04-13,139.6,32.61711135277381,20.39663300147422,24.331201110825393,26.506872177124016
2018-04-14,152.3,34.19191653911884,22.086900417621315,1.677373909137467,28.13940847837008
2018-04-15,144.9,33.91413189814641,21.523941186758197,6.4072495310595565,27.7190365424523
2018-04-16,166.1,34.619917942927444,23.019540199866647,0.10059217250708365,28.819729071397045
2018-04-17,164.8,34.15675588754507,23.910053546612076,0.159588512597662,29.03340471707857
2018-04-18,150.7,32.431228637695305,22.247951654287494,2.9798669065489913,27.3395901459914
2018-04-19,166.1,33.086482414832474,22.50397872924804,6.054389771186947,27.795230572040257
2018-04-20,167.9,32.99585357079139,24.071373132558982,0.5936785322247128,28.533613351675186
2018-04-21,168.6,33.937400964590225,24.884319745577294,1.1568489095026806,29.41086035508376
2018-04-22,151.4,33.57233340923603,23.975175857543945,7.386231300505726,28.773754633389988
2018-04-23,164.9,34.46597935603215,24.179978297306953,1.5573316234530827,29.32297882666955
2018-04-24,165.3,34.96161695627066,22.905922963069038,0.35823941840366885,28.93376995966985
2018-04-25,168.7,34.47438181363617,23.780753209040725,0.2881609598795573,29.127567511338448
2018-04-26,143.7,31.906599191518943,22.602932709913976,1.3352054628458896,27.25476595071646
2018-04-27,136.5,32.609940455510085,20.682395641620328,7.320695331602383,26.646168048565208
2018-04-28,147.3,33.09738775400015,21.478798646193265,1.444366170601411,27.28809320009671
2018-04-29,144.8,31.765739734356217,22.420667648315415,1.936566243794831,27.093203691335816
2018-04-30,136.5,29.58575380765476,21.58258394094615,5.759887936891932,25.584168874300456
2018-05-01,124.5,30.919162016648517,20.141971001258263,13.106681961001767,25.53056650895339
2018-05-02,139.6,30.91159732525164,22.172582186185405,0.6863524660919645,26.54208975571852
2018-05-03,139.3,31.573643757746783,20.680352724515483,4.335962043567139,26.126998241131133
2018-05-04,154.1,31.28861148540789,22.03088349562424,3.091008554805408,26.659747490516068
2018-05-05,160.8,32.942398658165544,22.794645602886494,3.4941242716529173,27.868522130526017
2018-05-06,156.3,33.31972694396973,23.95734537564789,5.558112463264757,28.638536159808808
2018-05-07,169.4,33.27387193533091,24.770053570087132,0.338573200233055,29.021962752709022
2018-05-08,170.2,34.365655165452225,25.17558684715857,2.603091805270224,29.770621006305397
2018-05-09,168.9,34.57492300180288,24.535434429462157,2.6898082250898527,29.55517871563252
2018-05-10,162.5,32.870148291954635,24.67231119596043,0.22238784486597232,28.771229743957534
2018-05-11,155.2,33.5077064220722,22.872015879704406,3.8504757628296353,28.1898611508883
2018-05-12,152.0,33.33705139160157,22.84603427006649,1.772641266837265,28.09154283083403
2018-05-13,140.4,33.77548892681416,23.774762813861553,0.9064876206896532,28.77512587033786
2018-05-14,128.2,31.09439717806303,21.494105559128975,13.238838456345327,26.294251368596
2018-05-15,148.4,32.76805173433743,22.62379000737118,2.9063947173682134,27.69592087085431
2018-05-16,138.3,31.90281559870794,23.094005584716793,3.2986265635400116,27.498410591712364
2018-05-17,141.4,32.46754147456241,21.976331123938923,9.13264559525432,27.221936299250665
2018-05-18,154.5,34.37096639779898,24.132868693425106,0.3316127186020215,29.251917545612045
2018-05-19,156.8,34.064003724318276,23.420351028442397,5.68792078576305,28.742177376380337
2018-05-20,155.2,34.11846248920148,24.59235103313739,0.3895720983996537,29.355406761169434
2018-05-21,166.5,34.433840678288384,24.281565299400917,1.0086595641844192,29.35770298884465
2018-05-22,166.1,34.797045634343085,26.201320941631607,0.243709455836903,30.499183287987346
2018-05-23,155.1,32.60460266700157,24.545756706824662,14.751963915246906,28.575179686913117
2018-05-24,164.5,33.11469694284295,24.994040415837205,9.786280901594601,29.054368679340076
2018-05-25,169.9,33.48951427753156,25.734399502093975,4.294218352346713,29.611956889812767
2018-05-26,166.9,33.955731465266304,24.872592632587157,6.608538463260189,29.41416204892673
2018-05-27,165.3,34.62343259958119,25.359985058124263,5.000770438801163,29.99170882885273
2018-05-28,169.4,34.03280155475322,25.2359710106483,3.8490544611757427,29.63438628270076
2018-05-29,164.7,33.363820442786576,23.897445091834438,6.699737729448259,28.63063276731051
2018-05-30,177.3,34.60235052842359,25.26828237680288,0.8713523041118266,29.935316452613236
2018-05-31,175.8,33.84009273235615,25.471716807438778,1.3049063682556157,29.65590476989746
2018-06-01,149.8,32.26031670203576,24.781964081984295,6.918446627981734,28.521140392010025
2018-06-02,146.4,32.94944190979003,23.540744488055882,27.600120605844438,28.24509319892296
2018-06-03,159.0,33.899198972261885,24.737211961012616,3.9402744054342778,29.318205466637252
2018-06-04,171.9,34.4078088907095,25.83013651921198,2.2092996099681574,30.11897270496074
2018-06-05,174.0,35.041713714599624,26.19935343815729,3.3557475656271,30.620533576378456
2018-06-06,177.4,35.17970305222731,26.230171350332405,1.0724269083955076,30.704937201279858
2018-06-07,179.4,35.64409945561336,26.40732427743765,0.8947830498218536,31.025711866525505
2018-06-08,178.1,33.16422389103816,25.745514649611252,4.894714223390278,29.454869270324707
2018-06-09,168.2,33.859579233022835,25.090374433077297,7.814799887664393,29.474976833050064
2018-06-10,158.6,35.38622283935546,26.16318526634803,3.049884296276352,30.774704052851746
2018-06-11,164.7,35.17922826913687,26.10823000394381,4.479817563837225,30.64372913654034
2018-06-12,156.2,33.6461130288931,26.059644552377556,14.30410298072931,29.852878790635327
2018-06-13,166.1,34.2467001401461,25.431061818049503,11.538790719075633,29.8388809790978
2018-06-14,176.3,34.82591746403621,25.71269387465257,5.186869953617906,30.26930566934439
2018-06-15,178.6,36.19633953387921,26.055783491868233,3.8604932689305516,31.126061512873722
2018-06-16,180.1,34.70236118023212,26.56751999488243,7.6630467501553605,30.634940587557274
2018-06-17,167.7,35.016106385451074,26.338576243473934,7.849063447479048,30.677341314462502
2018-06-18,180.3,36.75382203322191,26.325640458327072,5.238034627654335,31.53973124577449
2018-06-19,187.0,37.03221585200383,26.717104838444627,2.0626892664215792,31.87466034522423
2018-06-20,171.4,35.04267325768103,26.469906733586246,4.013846845337841,30.756289995633637
2018-06-21,169.6,34.144392013549776,26.413601361788242,5.623328423409755,30.278996687669007
2018-06-22,173.0,34.72632012000451,25.38332498990572,9.609889702814998,30.054822554955116
2018-06-23,172.2,33.786773681640625,26.500377068152805,16.27261066888319,30.143575374896713
2018-06-24,154.0,31.94303292494555,25.891947086040787,9.780086756655663,28.917490005493168
2018-06-25,146.7,30.601102828979506,25.370959355280952,13.778872550436947,27.98603109213023
2018-06-26,144.1,30.683393771831803,24.463436126708988,23.205702093966078,27.573414949270393
2018-06-27,149.8,30.9462289076585,24.663855626032905,12.241448518453225,27.805042266845703
2018-06-28,155.2,31.781219482421868,24.803183042086097,7.135057366255558,28.292201262253982
2018-06-29,162.6,32.58147092965932,25.192272479717545,10.346085188063709,28.88687170468843
2018-06-30,169.3,33.866937050452606,25.84173804063062,1.6812881402897113,29.85433754554161
2018-07-01,159.2,32.174168219933144,25.710229286780734,21.3004902700583,28.94219875335694
2018-07-02,159.2,31.808717727661115,25.065179091233468,11.6951451698939,28.43694840944729
2018-07-03,155.5,30.69364767808181,25.066834523127625,17.200144366784528,27.880241100604717
2018-07-04,159.6,31.892053604125984,25.680386176476112,30.359697505380204,28.786219890301048
2018-07-05,157.8,31.580321385310242,25.18034172058106,21.95883363304714,28.38033155294565
2018-07-06,169.7,33.828680772047775,25.99534973731409,6.112869509693353,29.91201525468093
2018-07-07,174.4,33.64393527691181,25.594815474290105,6.433117731502565,29.61937537560096
2018-07-08,164.9,33.05655435415414,25.99512745783879,3.7706222493540142,29.525840905996464
2018-07-09,169.8,32.81780360295221,26.148856676541836,4.711101673769226,29.483330139747025
2018-07-10,170.3,32.647730313814606,26.10829103910008,14.009846162615393,29.378010676457343
2018-07-11,169.3,33.57162930415227,25.759149257953354,5.859657321915484,29.66538928105281
2018-07-12,169.1,33.72427984384389,26.385383459237914,2.6287151588635016,30.0548316515409
2018-07-13,173.4,32.9023936345027,25.97347685006948,4.149474573406307,29.43793524228609
2018-07-14,171.4,33.936146075908965,26.11834951547475,2.7731472750504813,30.027247795691856
2018-07-15,170.6,32.73880166273851,25.571676694429843,5.363704990482695,29.155239178584175
2018-07-16,173.0,32.31005756671611,25.91322062565731,9.038101489796787,29.11163909618671
2018-07-17,168.2,32.72838504497822,25.54088797936072,9.303345236814382,29.134636512169468
2018-07-18,177.4,33.40457065288838,26.049995275644147,6.087298111933649,29.727282964266266
2018-07-19,181.6,35.39313917893629,26.73469382065993,2.5978191964554074,31.06391649979811
2018-07-20,187.9,34.96598845261795,27.102969536414516,2.426169196538851,31.034478994516235
2018-07-21,168.2,31.928792513333846,25.520021878756,8.271747427907858,28.724407196044922
2018-07-22,140.2,30.21876966036283,25.710321573110733,15.858194069428885,27.964545616736782
2018-07-23,155.1,31.756065515371482,25.519961723914516,21.304921079765666,28.638013619642997
2018-07-24,160.4,31.63923483628493,25.332681655883807,13.282264057885515,28.48595824608437
2018-07-25,167.7,31.525610850407524,25.904028672438415,9.830845354181344,28.71481976142297
2018-07-26,153.4,30.461570006150453,25.204035392174358,24.632998423142865,27.832802699162407
2018-07-27,150.9,31.1366562476525,24.86048874488243,19.115951501961902,27.998572496267464
2018-07-28,157.3,31.19147388751689,25.45003656240611,15.261636146993348,28.3207552249615
2018-07-29,158.1,31.92860280550444,24.779526196993313,11.468934635321299,28.354064501248878
2018-07-30,159.6,31.67400096012995,25.33368257375864,11.969386014071373,28.503841766944294
2018-07-31,159.5,30.647079174335172,24.7005745814397,9.665100549206592,27.673826877887436
2018-08-01,148.5,29.36924728980432,24.34150226299579,24.750158032233056,26.855374776400055
2018-08-02,140.7,29.54514972980207,24.595451795137844,10.247182134426,27.070300762469955
2018-08-03,147.0,31.449367816631625,24.93597074655387,4.406195418175421,28.19266928159275
2018-08-04,152.1,31.85881203871507,24.989159217247604,5.697603041023919,28.423985627981338
2018-08-05,148.1,32.75232887268066,25.629709977370048,3.3897160341342274,29.191019425025353
2018-08-06,156.9,31.166662803063044,24.89469337463379,22.593566398728953,28.03067808884842
2018-08-07,152.1,31.494748922494743,24.68796069805438,12.553454175139915,28.09135481027456
2018-08-08,159.0,32.01592958890475,25.26966564471906,5.604371576146646,28.642797616811905
2018-08-09,166.9,33.02554218585675,25.753753368671124,3.949753840312816,29.38964777726394
2018-08-10,172.5,33.60259921734149,26.144826155442452,3.926369375803254,29.873712686391972
2018-08-11,176.3,33.268030753502494,26.09559836754432,6.081941967660731,29.681814560523406
2018-08-12,166.4,32.29088709904597,25.74745530348559,6.667281796534857,29.019171201265777
2018-08-13,168.4,32.26804395822379,25.712197230412407,13.266425180615814,28.9901205943181
2018-08-14,176.1,33.28035002488356,25.90750723618726,4.164688616539492,29.59392863053541
2018-08-15,159.1,32.5193689786471,25.897980323204624,2.7143587445219373,29.208674650925865
2018-08-16,165.4,32.11029419532189,25.99829072218675,7.857562108021796,29.05429245875432
2018-08-17,180.9,33.77342987060546,25.9334819500263,2.785690158379803,29.85345591031588
2018-08-18,185.0,34.737622481126046,26.514313037578873,0.5106297081167047,30.62596775935246
2018-08-19,170.9,34.37897051297702,26.847858428955078,0.5152107820366368,30.61341447096605
2018-08-20,164.6,32.028653511634246,25.545602945181052,18.633168732126567,28.78712822840765
2018-08-21,167.6,32.425746184129,25.659290313720707,10.965965093988364,29.04251824892485
2018-08-22,166.9,32.15945317195011,26.004609474769005,7.892769416624846,29.08203132335956
2018-08-23,171.1,32.577643614548904,25.716147055992714,15.38881484261064,29.14689533527081
2018-08-24,178.2,31.743783510648292,25.88234387911283,8.709589382464237,28.81306369488056
2018-08-25,175.6,32.57564779428334,25.291257858276367,7.790405653642889,28.933452826279854
2018-08-26,162.0,32.5118546119103,25.47848510742189,10.223095169573117,28.995169859666095
2018-08-27,169.3,31.6179725940411,25.90448716970591,5.7547498977545555,28.761229881873504
2018-08-28,176.4,32.14703809298001,25.76000873859112,8.284595933375934,28.95352341578557
2018-08-29,179.7,32.356421544001655,25.69156514681303,7.204249015360164,29.02399334540734
2018-08-30,175.4,32.62390518188476,25.809742267315194,9.054801898020688,29.216823724599976
2018-08-31,168.6,31.981680356539204,25.649393081665032,11.687202455419483,28.81553671910212
2018-09-01,167.0,32.654410729041466,25.270032882690415,4.449567582119595,28.96222180586594
2018-09-02,147.9,30.657791871290947,25.00684180626501,14.081564646778686,27.832316838777977
2018-09-03,147.0,32.21282078669619,24.83893409142128,16.120074458871827,28.525877439058736
2018-09-04,152.1,32.47880642230694,25.38422496502215,1.9953140830903369,28.931515693664544
2018-09-05,148.1,31.74009777949408,25.465932699350223,3.7553662373261028,28.60301523942215
2018-09-06,156.9,30.26479016817532,25.27468314537635,10.295936863530766,27.769736656775834
2018-09-07,152.1,31.37553801903357,24.768157958984375,11.495858197862454,28.071847989008972
2018-09-08,159.0,32.50816902747519,25.37980020963229,1.988231155682695,28.943984618553742
2018-09-09,166.9,32.894120729886566,25.318975595327533,6.543563828549598,29.106548162607048
2018-09-10,161.9,30.551213044386643,25.191394512469945,21.9614932672544,27.87130377842829
2018-09-11,165.2,31.97597254239595,24.735482435960037,12.825315034750734,28.355727489177994
2018-09-12,166.7,32.32133865356445,24.97307850764348,14.606275606787547,28.647208580603966
2018-09-13,168.3,32.10044860839843,25.07798943152793,11.783981868263446,28.58921901996318
2018-09-14,168.1,31.983407680804927,24.861096748938937,13.24152252619917,28.422252214871932
2018-09-15,165.1,32.54958666287936,25.1191045320951,13.992143133372975,28.834345597487232
2018-09-16,158.8,33.11602768531212,24.99598972613995,3.7743468392978983,29.056008705726036
2018-09-17,159.1,34.08427590590258,24.839097536527195,0.05902465274839691,29.46168672121489
2018-09-18,169.5,34.48397944523738,25.44311684828538,0.005368024562344394,29.963548146761383
2018-09-19,177.3,34.10338607201209,25.73740783104531,0.0,29.9203969515287
2018-09-20,152.5,30.006081361037033,25.15001429044282,17.776222845821678,27.578047825739926
2018-09-21,133.6,30.072359378521263,24.410050025353062,29.255094913822234,27.241204701937164
2018-09-22,145.9,31.425113531259385,24.01084151634803,9.974356658530954,27.717977523803707
2018-09-23,147.9,33.04584092360277,24.349310361422035,1.3444144400683322,28.6975756425124
2018-09-24,167.1,33.31218866201547,25.073407539954566,1.0896197521325324,29.19279810098502
2018-09-25,170.8,33.5298591026893,25.28119615408091,9.968811338146516,29.405527628385105
2018-09-26,172.1,33.16348736102764,25.03263737605168,3.2452168342742063,29.09806236853966
2018-09-27,179.0,33.34576738797702,25.13612688504732,3.9434296809362643,29.24094713651217
2018-09-28,176.3,33.85517281752367,25.268468416654148,0.9502005324219213,29.561820617088912
2018-09-29,191.3,34.19748452993539,25.59315916208123,0.055648968526811365,29.895321846008308
2018-09-30,177.0,33.80301959698017,25.150946250328648,0.5360904385646181,29.47698292365441
2018-10-01,171.2,33.985218634972206,24.63196064875677,1.2026555574301525,29.308589641864486
2018-10-02,174.7,34.00584294245793,24.332469353309044,2.721911109758148,29.169156147883488
2018-10-03,181.7,33.45137023925781,24.281062052800106,0.6418745445482654,28.86621614602896
2018-10-04,181.9,32.87587561974159,23.733643751878,0.18486901846798978,28.304759685809795
2018-10-05,192.6,33.37466988196741,23.80712289076586,0.0,28.590896386366634
2018-10-06,173.3,33.55993226858285,23.559537887573235,0.19018878358783153,28.55973507807804
2018-10-07,162.7,32.91839056748609,23.349366408128013,0.025975604852040604,28.133878487807053
2018-10-08,182.9,33.09679398169886,22.52191470219538,0.20168229237650395,27.80935434194712
2018-10-09,170.7,32.135753338153556,22.17411011915941,0.06402054880604603,27.154931728656482
2018-10-10,150.5,29.30913969186637,22.47254195580115,0.30795877991300635,25.890840823833763
2018-10-11,137.9,27.82862223111666,22.144151394183815,13.222159870646227,24.986386812650238
2018-10-12,140.9,26.550742222712582,22.63917057330792,8.440478741671107,24.59495639801025
2018-10-13,133.1,28.188822819636414,21.36553911062386,20.745127421662662,24.777180965130135
2018-10-14,130.3,30.348711453951303,21.13064589867225,3.1234949240178764,25.739678676311776
2018-10-15,142.5,31.23154625525842,21.548738332895123,0.056165137074210454,26.39014229407677
2018-10-16,136.1,31.043893227210408,20.27600215031551,0.0,25.65994768876296
2018-10-17,125.6,31.176326751708984,20.718843460083015,0.0068355527791110005,25.947585105896
2018-10-18,116.1,31.463508899395297,20.783081788283127,0.0630034307638804,26.12329534383921
2018-10-19,127.0,31.423100398137027,21.276890387901897,1.9079440001285444,26.349995393019462
2018-10-20,128.9,31.83104045574481,21.432775057279148,0.0,26.63190775651198
2018-10-21,134.2,31.504491219153774,21.257954083956196,0.0,26.381222651554985
2018-10-22,156.4,31.980810605562638,21.03648537855881,0.0,26.508647992060723
2018-10-23,148.5,32.2028826200045,20.972621624286344,0.0,26.587752122145424
2018-10-24,144.1,30.957965850830078,20.28429713616005,0.3944972807710822,25.621131493495064
2018-10-25,135.8,30.9539698087252,18.937717364384593,0.789640758976791,24.945843586554897
2018-10-26,132.7,30.63831329345703,18.476234142596894,0.0,24.557273718026963
2018-10-27,129.8,30.84216220562274,18.37188625335694,0.0,24.607024229489838
2018-10-28,121.8,29.7175373664269,19.170203135563778,0.0,24.44387025099534
2018-10-29,122.0,29.423289078932523,19.546316000131473,0.8598273753216784,24.484802539531998
2018-10-30,111.8,29.35104692899264,19.33883945758527,1.1117034238396268,24.344943193288955
2018-10-31,129.6,30.24066352844237,19.832542419433587,1.3182880481084196,25.036602973937978
2018-11-01,150.3,31.185135034414436,19.56471296457145,0.09639119966463597,25.374923999492943
2018-11-02,138.3,31.803757740901077,20.262859344482415,0.0,26.033308542691746
2018-11-03,137.2,31.375270403348473,20.36906403761644,0.12667751312255873,25.872167220482456
2018-11-04,128.6,31.141263081477252,20.164448664738572,0.10463755781000303,25.65285587310791
2018-11-05,145.0,31.142456201406638,20.408732707683846,0.0,25.775594454545242
2018-11-06,147.0,30.720873906062188,20.471589015080397,0.013846275481310759,25.596231460571293
2018-11-07,121.2,28.453918163593013,18.628235743596008,2.212989953882763,23.541076953594512
2018-11-08,130.5,28.823435856745782,17.211006164550767,0.5108683759515937,23.017221010648274
2018-11-09,114.8,29.251854529747593,16.750393060537476,0.0,23.001123795142533
2018-11-10,105.8,29.416086050180283,16.35468130845289,0.0,22.885383679316586
2018-11-11,105.5,29.412388581496007,16.488840690025917,0.0,22.950614635760964
2018-11-19,109.7,28.402979483971233,15.553932189941397,0.0,21.978455836956314
2018-11-20,107.3,28.008092880249023,15.557445159325235,0.0,21.78276901978713
2018-11-21,116.4,28.204166705791767,15.596079459557169,0.0,21.90012308267447
2018-11-22,104.8,27.87478314913237,15.03901599003719,0.0,21.456899569584778
2018-11-23,104.8,27.628469027005714,14.497327731205875,0.0,21.062898379105796
2018-11-24,107.5,27.745939988356362,14.249124967134918,0.0,20.99753247774564
2018-11-25,104.9,28.197744369506836,14.224538289583649,0.0,21.211141329545242
2018-11-26,106.7,28.240102621225198,14.335634818443879,0.0,21.287868719834538
2018-11-27,105.8,28.460875731248123,14.835505118736846,0.0,21.648190424992485
2018-11-28,112.2,28.56903589688814,15.051808063800527,0.0,21.810421980344334
2018-11-29,114.3,28.22771292466384,14.976411746098448,0.0,21.602062335381145
2018-11-30,119.8,28.0140759394719,15.069101700415978,0.0,21.54158881994394
2018-12-01,108.9,27.365745984590976,14.908482771653409,0.0,21.13711437812219
2018-12-02,100.7,26.84581888639011,14.453790151155925,0.0,20.649804518773017
2018-12-03,105.2,26.30461340684157,13.935438816363993,0.0,20.12002611160278
2018-12-04,112.8,26.38680164630597,13.479127590472887,0.0,19.932964618389427
2018-12-05,108.8,25.602891775277957,13.265304345351009,0.0,19.434098060314483
2018-12-06,107.0,26.09465320293721,13.31246926234319,0.0,19.7035612326402
2018-12-07,112.8,25.778005746694717,12.617642989525423,0.0,19.19782436811007
2018-12-08,111.0,25.45330355717584,11.983423746549153,0.0,18.718363651862497
2018-12-09,105.1,25.935314912062413,11.203741293687091,0.0,18.569528102874752
2018-12-10,111.2,26.145641620342552,11.339487369243914,0.0,18.742564494793232
2018-12-11,113.9,26.114695328932548,11.89291110405555,0.0,19.00380321649405
2018-12-12,115.6,27.085404029259312,12.396498166597805,0.0,19.74095109792856
2018-12-13,115.8,26.868427570049565,12.87020844679613,0.0,19.869318008422848
2018-12-14,118.2,26.542989290677575,13.97459206214316,0.0,20.258790676410367
2018-12-15,116.2,25.801829411433292,13.135394243093648,0.0,19.46861182726347
2018-12-16,102.4,24.928912529578586,13.581487362201406,0.0,19.255199945889995
2018-12-17,108.7,21.125347724327664,13.972315054673418,1.4218394900813256,17.548831389500542
2018-12-18,103.4,17.623224478501513,13.150703356816207,11.974918761939708,15.38696391765886
2018-12-19,113.0,22.077163989727328,11.807642863346988,5.672640689394693,16.942403426537158
2018-12-20,115.0,23.507418412428635,11.543432455796465,0.0,17.52542543411255
2018-12-21,113.7,23.477481255164523,11.972881757296049,0.0,17.725181506230285
2018-12-22,115.9,23.513957390418415,10.621262110196628,0.0,17.067609750307522
2018-12-23,105.2,24.061960513775166,10.091981080862194,0.0,17.07697079731868
2018-12-24,109.0,24.565609124990594,10.20115881699782,0.0,17.383383970994206
2018-12-25,106.6,24.263914108276353,10.366132002610435,0.0,17.315023055443394
2018-12-26,112.6,23.327872056227463,9.87488537568312,0.0,16.601378715955292
2018-12-27,110.8,22.86238406254694,9.655701820666975,0.0,16.259042941606957
2018-12-28,113.5,21.535996657151443,8.76614222159753,0.0,15.151069439374487
2018-12-29,110.2,22.11044678321252,7.577020975259633,0.2203597299980394,14.843733879236076
2018-12-30,105.6,23.303627454317525,8.352443951826826,0.0,15.828035703072175
2018-12-31,110.1,23.853838113638055,8.65502463854276,0.0,16.25443137609041
2019-01-01,104.7,23.829665844257065,8.413724092336796,0.0,16.12169496829693
2019-01-02,107.2,24.29938345689039,8.615442642798781,0.0,16.457413049844586
2019-01-03,109.7,23.76685450627254,8.62979023273174,0.0,16.19832236950214
2019-01-04,112.8,23.11688100374662,8.552221224858217,0.0,15.834551114302418
2019-01-05,117.3,23.927099227905273,9.440739191495464,0.0,16.68391920970037
2019-01-06,111.0,25.097989889291622,9.283479066995477,0.0,17.19073447814355
2019-01-07,117.9,25.560517091017502,9.447103537045997,0.0,17.50381031403175
2019-01-08,112.6,24.346953905545753,10.86804030491756,0.0,17.60749710523166
2019-01-09,108.2,23.370223558866066,10.722382178673369,0.0,17.04630286876972
2019-01-10,114.2,22.968523905827446,10.396940891559307,0.0,16.682732398693375
2019-01-11,115.4,23.667054689847507,20.558317250835614,0.0,22.11268597034156
2019-01-12,114.2,24.229522851797245,9.513536123129036,0.0,16.871529487463143
2019-01-13,104.1,25.071687404926006,9.980273173405566,0.0,17.525980289165787
2019-01-14,114.3,24.42408679081844,10.652942987588734,0.0,17.538514889203586
2019-01-15,116.8,23.53460752047026,10.510135027078489,0.0,17.022371273774375
2019-01-16,121.4,23.974436246431786,9.433870755709139,0.0,16.70415350107046
2019-01-17,117.2,24.676988014808053,9.243804234724784,0.0,16.96039612476642
2019-01-18,121.5,25.214519060575036,9.631687237666206,0.0,17.42310314912062
2019-01-19,122.6,24.40947033808781,10.038391186640808,0.0,17.22393076236431
2019-01-20,111.0,25.128306462214532,10.132069514347958,0.0,17.630187988281243
2019-01-21,120.6,25.874460953932537,10.322747964125414,0.0,18.098604459028977
2019-01-22,124.5,26.097133636474602,10.862309969388521,0.0,18.47972180293156
2019-01-23,125.7,26.04757455679086,10.990330696105975,0.0,18.518952626448417
2019-01-24,127.2,26.193695215078513,12.596010795006379,0.0934274783640196,19.394853005042446
2019-01-25,124.9,25.805632224449734,13.368486477778516,0.0,19.587059351114124
2019-01-26,114.8,24.768912975604717,13.811003318199742,0.0,19.28995814690223
2019-01-27,112.4,25.076335026667664,14.358105879563537,0.014535497083808423,19.7172204531156
2019-01-28,124.4,24.03714400071363,14.075176239013661,0.0,19.056160119863648
2019-01-29,125.4,23.31264363802397,13.126634964576134,0.11194768728631924,18.219639301300052
2019-01-30,126.8,23.9809615795429,9.88661487285908,0.0,16.93378822620099
2019-01-31,128.6,25.06233200660117,9.136069187751183,0.0,17.09920059717618
2019-02-01,132.4,26.38386256878194,10.639082395113435,0.0,18.51147248194769
2019-02-02,127.1,27.14778606708234,11.573756217956541,0.0,19.36077114251944
2019-02-03,119.8,27.646832099327664,11.392867931952841,0.0,19.51985001564025
2019-02-04,123.7,27.2859477996826,11.860378045302177,0.0,19.573162922492386
2019-02-05,129.7,27.20333099365235,11.756136674147395,0.0,19.47973383389987
2019-02-06,132.3,26.7681490091177,11.99603645618145,0.0,19.382092732649575
2019-02-07,129.6,28.259912637563865,12.850820614741385,0.0,20.555366626152626
2019-02-08,131.0,25.9895891042856,14.982804078322182,0.1179198396928383,20.48619659130389
2019-02-09,124.0,23.46902949993428,14.763609446012056,2.3799081399585282,19.116319472973167
2019-02-10,111.6,23.979977681086602,12.47584320948675,1.0347113550612412,18.227910445286675
2019-02-11,118.7,25.722715671245872,11.234899814312273,0.0,18.478807742779072
2019-02-12,126.9,27.01009163489709,11.27493696946364,0.0,19.142514302180366
2019-02-13,128.7,28.333633863008945,12.59209471482497,0.0,20.462864288916958
2019-02-14,129.3,29.13327613243689,13.14812410794772,0.0,21.140700120192307
2019-02-15,130.4,28.758446326622593,14.575479947603677,0.0,21.666963137113136
2019-02-16,124.7,25.831349006065963,15.779447042025065,1.012510780357953,20.805398024045516
2019-02-17,114.6,25.993397932786216,15.505227382366481,0.8884633287335888,20.749312657576347
2019-02-18,120.4,25.01409310560961,13.818656848027162,0.0,19.416374976818386
2019-02-19,127.1,27.30422240037184,14.074388870826139,0.08512561971491031,20.68930563559899
2019-02-20,116.3,28.724610842191257,15.757568506094124,0.015497458703590152,22.241089674142692
2019-02-21,137.0,28.891573392427894,16.46584877601036,0.0,22.678711084219128
2019-02-22,139.4,30.14423370361328,17.022875052232017,0.0,23.58355437792265
2019-02-23,139.5,30.51040649414062,17.800545178926907,0.3387062016761665,24.155475836533764
2019-02-24,131.2,29.201426285963773,16.569959126985996,0.012516275499806273,22.885692706474885
2019-02-25,111.8,25.82062119704026,15.646252265343314,11.5787898121458,20.733436731191787
2019-02-26,112.5,26.907118137066185,16.477441787719723,11.950297875837844,21.692279962392952
2019-02-27,109.7,25.33944335350625,16.68622082930345,15.73466579119365,21.012832091404853
2019-02-28,109.3,22.797064707829414,15.59970151461086,28.400707256613348,19.19838311122014
2019-03-01,115.4,24.774056361271786,13.047309802128723,3.007917537833706,18.910683081700256
2019-03-02,113.0,26.039180902334348,12.406599815075204,0.0,19.222890358704774
2019-03-03,109.4,27.016013952401973,13.523499855628367,0.0,20.26975690401517
2019-03-04,119.2,27.080260790311375,15.94407888559196,0.2239993483279693,21.512169837951667
2019-03-05,120.3,27.19198579054612,16.634459128746617,9.655700851570478,21.91322245964637
2019-03-06,121.8,27.514501424936153,16.628927891071022,1.6654950610615995,22.071714658003586
2019-03-07,123.3,27.341509452232952,15.522038533137392,0.0,21.431773992685173
2019-03-08,126.7,27.723545514620263,14.463711151709926,0.0,21.093628333165093
2019-03-09,129.0,29.08671467120832,14.6906239436223,0.0,21.88866930741531
2019-03-10,121.8,29.084926751943723,16.767817130455605,0.0070442995338728795,22.926371941199662
2019-03-11,137.9,30.662725448608377,18.127502001248878,0.04840111010002363,24.395113724928628
2019-03-12,148.7,31.877681732177734,18.89225695683406,0.0,25.384969344505897
2019-03-13,153.4,32.48289900559644,19.048674069918107,0.0,25.765786537757272
2019-03-14,156.5,32.29117290790264,19.56624940725473,0.0,25.928711157578686
2019-03-15,143.7,31.961453217726486,19.474971257723293,1.463356372307648,25.71821223772489
2019-03-16,142.6,32.01462261493389,18.70848530989426,2.445903693184707,25.361553962414078
2019-03-17,133.5,32.17929091820349,18.78524347452017,0.0,25.482267196361832
2019-03-18,129.3,30.359233416043796,18.73014912238488,5.825395102753785,24.54469126921434
2019-03-19,144.4,31.061427483191856,17.92118475987361,0.588253860220765,24.491306121532734
2019-03-20,148.9,31.557516978337222,18.228531690744255,0.0,24.89302433454074
2019-03-21,136.7,32.91852232126088,18.50856751662035,0.0,25.713544918940613
2019-03-22,136.4,33.02015040471004,20.00410674168514,0.09250622174956592,26.512128573197586
2019-03-23,140.5,32.362913425152115,18.336932035592877,3.1118187071247507,25.349922730372498
2019-03-24,137.4,32.38578326885518,18.16927726452167,0.00469360342531494,25.277530266688423
2019-03-25,152.1,33.462323555579545,18.486130567697383,0.0,25.974227061638466
2019-03-26,145.2,30.500504860511192,20.082417708176838,0.011036441181645273,25.291461284344017
2019-03-27,145.8,30.94348584688627,17.805025320786687,4.88795621467359,24.37425558383648
2019-03-28,160.1,32.44934228750376,19.26149500333347,0.04528353611628218,25.855418645418617
2019-03-29,172.7,32.58481143071104,19.456958403954136,0.0,26.020884917332587
2019-03-30,164.2,32.88814397958609,21.193430093618527,0.09289065725875631,27.04078703660231
2019-03-31,158.4,31.989217318021336,21.57698103097767,2.1301509250294086,26.783099174499505
2019-04-01,145.8,30.704596886268025,20.320347932668838,5.785155307614444,25.51247240946843
2019-04-02,168.7,33.484607403094955,20.69405152247502,0.37163326866699,27.08932946278499
2019-04-03,172.6,32.492924763606126,19.90478794391339,0.08602115760246913,26.19885635375976
2019-04-04,174.4,31.93279794546273,21.538235444288986,0.14589597465413995,26.73551669487586
2019-04-05,169.8,32.48954846308782,22.315825095543502,1.52081356084708,27.402686779315662
2019-04-06,145.5,31.47418315594014,22.11815701998198,3.690768761165213,26.79617008796106
2019-04-07,110.4,30.650499197152946,19.855743995079635,17.549185057932682,25.25312159611629
2019-04-08,138.4,30.963429817786597,20.903241377610428,0.7235756642890697,25.933335597698512
2019-04-09,133.3,31.03800612229567,19.517635492178123,3.663454538493447,25.277820807236896
2019-04-10,135.1,31.18144328777606,19.689064172598027,11.82354898705627,25.435253730187043
2019-04-11,165.8,32.92092205927923,21.90683379540078,0.0,27.413877927340003
2019-04-12,171.8,34.10159639211801,21.991690562321594,0.6299938236673671,28.046643477219803
2019-04-13,171.0,34.86594361525315,22.517864080575805,0.36228933117606443,28.691903847914478
2019-04-14,164.5,35.39748221177321,22.61867464505711,2.799803163291829,29.00807842841516
2019-04-15,171.1,34.268127588125374,24.08232483497034,0.4739694884329133,29.17522621154786
2019-04-16,178.0,35.02133604196402,23.959252724280724,0.8315994278951114,29.49029438312237
2019-04-17,162.6,32.94597273606521,21.692046972421508,5.847094902034968,27.319009854243358
2019-04-18,170.5,33.37420478233924,21.58318622295674,0.2743244071801501,27.47869550264799
2019-04-19,166.0,33.35955561124363,21.900038645817684,0.07897436663959963,27.629797128530655
2019-04-20,164.3,33.78568429213306,20.62440945551947,0.49286508921420935,27.205046873826266
2019-04-21,155.0,33.567766189575195,22.472155644343445,0.0,28.01996091695932
2019-05-20,184.1,36.437603877140916,25.931851460383466,0.6434579496130814,31.184727668762193
2019-05-21,193.3,35.75796186006986,25.32612477816067,3.903115026878584,30.542043319115265
2019-05-22,192.0,36.208795400766235,26.351680168738724,2.002057494539203,31.28023778475248
2019-05-23,172.7,33.66671987680289,24.224050521850593,8.949184415918404,28.94538519932674
2019-05-24,184.2,34.90993176973784,25.615282205434937,0.7856338164120023,30.262606987586388
2019-05-25,155.6,33.57852524977463,24.727764129638665,2.645941410778147,29.153144689706647
2019-05-26,154.9,35.31145301231972,24.193365390484136,9.15844106403264,29.752409201401925
2019-05-27,185.5,36.25098874018743,25.747777058528023,3.3907447872739827,30.999382899357727
2019-05-28,186.1,35.72666857792781,26.101229741023136,1.13531059929819,30.91394915947547
2019-05-29,198.1,36.46598390432504,25.4940512730525,1.3123012176065734,30.98001758868877
2019-05-30,189.0,35.21451201805701,25.763542322012082,2.6353525329719867,30.489027170034547
2019-05-31,175.9,33.78890008192796,24.7553391089806,4.3283481220855835,29.27211959545428
2019-06-01,176.0,34.75396772531363,24.414651137131898,0.5453108964544353,29.584309431222763
2019-06-02,153.4,32.654444181002106,25.76600148127629,2.3068952639446105,29.2102228311392
2019-06-03,152.9,33.15434705294095,23.401433064387387,10.567894989793954,28.27789005866417
2019-06-04,167.4,34.293603163499085,24.47030683664175,0.4490903229876013,29.38195500007042
2019-06-05,155.0,34.83077137286846,25.832882514366744,2.4937050017443556,30.331826943617603
2019-06-06,155.6,33.110312535212586,24.74637926541842,7.555630306854398,28.928345900315502
2019-06-07,160.6,33.31372877267691,26.016511770395134,1.209945017641241,29.665120271536022
2019-06-08,166.4,34.705394157996544,25.53873282212477,6.689179817835491,30.122063490060658
2019-06-09,174.5,36.23806953430175,26.100610586313106,2.9839489369681367,31.169340060307427
2019-06-10,186.0,36.19831642737756,26.468598879300632,3.99660530618646,31.333457653339096
2019-06-11,186.4,35.31684640737681,25.5016602736253,8.485685883146344,30.409253340501053
2019-06-12,184.3,36.70065190241886,26.75401716965894,0.43034509411363886,31.727334536038903
2019-06-13,168.4,36.65298872727613,25.14510565537673,12.280421426801974,30.89904719132643
2019-06-14,190.8,37.90586295494666,27.658498323880718,0.035531067486965266,32.78218063941369
2019-06-15,180.4,35.04365084721491,26.564947275015022,14.384355935183443,30.804299061114968
2019-06-16,177.0,35.8302013690655,26.469250605656555,0.795218972997232,31.149725987361027
2019-06-17,187.7,35.46397194495565,27.15705768878643,3.9514859693519995,31.31051481687104
2019-06-18,176.5,35.95562465374287,26.890522590050313,2.85494459397865,31.42307362189659
2019-06-19,192.0,36.943126678466804,26.544883728027326,1.837000279264016,31.744005203247063
2019-06-20,184.5,34.88540018521821,26.673153217022232,3.1315552935455764,30.77927670112022
2019-06-21,175.3,33.02842404292182,26.081765394944405,7.633012338118119,29.555094718933113
2019-06-22,170.0,32.55084433922399,25.61425253061146,10.673782913070736,29.082548434917726
2019-06-23,163.8,33.736199305607705,26.15873336791992,5.976364282044496,29.94746633676381
2019-06-24,183.4,35.81752366286057,26.566101367657016,2.0325578247958944,31.191812515258796
2019-06-25,195.2,35.41669023953951,27.084347651554967,2.58652075154312,31.250518945547242
2019-06-26,181.6,34.161931844858024,26.451630518986615,20.428912007447426,30.306781181922318
2019-06-27,182.4,33.71745549715484,26.140376017643852,11.303944257849999,29.928915757399345
2019-06-28,175.9,33.386150066669174,25.962161430945763,4.034837689815147,29.67415574880747
2019-06-29,176.3,34.213375971867485,26.169697834895217,2.2328407425772046,30.19153690338135
2019-06-30,162.5,34.02237422649676,25.606606850257286,3.67182122080615,29.814490538377022
2019-07-01,167.6,33.43913313058708,26.605674450214092,1.3468488127444729,30.02240379040059
2019-07-02,164.7,32.21618857750526,25.765925187330993,9.166279766144179,28.991056882418125
2019-07-03,164.8,32.91534775954027,26.001371823824375,13.41524122248996,29.45835979168232
2019-07-04,176.1,33.30616437471828,26.166935700636657,2.09130544531526,29.736550037677468
2019-07-05,177.9,33.118610822237464,26.26920876136192,1.5655689754269344,29.69390979179969
2019-07-06,161.8,31.26183304419883,25.898086254413307,18.40121547742323,28.57995964930607
2019-07-07,144.9,31.19163557199329,25.432530769935006,15.536718479611647,28.31208317096415
2019-07-15,181.7,33.87666408832256,25.605737832876358,10.181721600619229,29.74120096059946
2019-07-16,180.8,34.24964449955866,25.83704229501577,6.604895890210614,30.043343397287217
2019-07-17,183.8,34.47454540546123,25.601765705988967,8.280762988509553,30.038155555725098
2019-07-18,194.7,34.84868049621581,26.17060089111328,1.0904278213327583,30.509640693664547
2019-07-19,188.9,34.06585194514348,26.499995158268856,6.536514942393156,30.28292355170617
2019-07-20,190.0,33.99406271714431,26.39261084336499,3.5396719276905064,30.19333678025465
2019-07-21,182.7,34.42201042175294,26.4989307110126,10.273852282852836,30.460470566382767
2019-07-22,194.3,33.04588640653171,26.58447764470026,22.28119608714725,29.815182025615982
2019-07-23,192.2,33.52275378887469,26.5376343360314,10.279542043805117,30.03019406245304
2019-07-24,180.5,32.22319779029259,25.82331055861254,29.522552006172408,29.023254174452564
2019-07-25,174.5,31.625294465285076,25.187448501586914,23.811073848695454,28.406371483435997
2019-07-26,172.5,31.872299781212444,25.707452187171345,3.840216556733307,28.789875984191895
2019-07-27,166.0,31.792423541729246,25.364855252779446,12.153798563010769,28.578639397254346
2019-07-28,151.3,31.91637552701509,25.705767118013814,8.174793312043853,28.81107132251445
2019-07-29,152.9,31.609560599693893,25.37697073129508,9.00961234352806,28.493265665494487
2019-07-30,167.7,32.340988452617935,25.87791927044208,7.7310805600700965,29.109453861530007
2019-07-31,175.9,31.88078469496505,25.68386635413536,3.6887463001590786,28.782325524550206
2019-08-01,180.6,32.17053486750675,25.341016622690045,3.072903847604087,28.755775745098397
2019-08-02,178.9,32.92997140150804,25.77211746802697,2.942912625544001,29.351044434767505
2019-08-03,178.9,32.633057227501496,25.7567688868596,4.4948121363466464,29.19491305718055
2019-08-04,173.0,33.278302119328444,26.11573013892539,5.54631623174205,29.697016129126915
2019-08-05,177.9,34.38591678325948,26.545874228844255,4.198940171436828,30.46589550605187
2019-08-06,161.8,33.32908777090219,26.326015325692993,12.357643689170027,29.827551548297592
2019-08-07,144.9,31.87923314021185,25.737802798931416,12.7358441099976,28.808517969571632
2019-08-08,164.1,30.750006749079777,25.28809987581694,25.334825338739343,28.019053312448357
2019-08-09,170.8,32.75859994154711,25.6496662726769,7.760819530396752,29.204133107112007
2019-08-10,168.6,34.44325124300443,25.9250442798321,4.492428421071081,30.184147761418266
2019-08-11,164.9,34.54634945209211,26.728234364436204,0.9685856103897095,30.637291908264157
2019-08-12,164.8,33.91359475942758,26.34072083693284,7.486579827286977,30.12715779818021
2019-08-13,150.5,31.355180153479935,25.208455159113957,23.75136419498559,28.281817656296944
2019-08-14,152.2,31.25508058988132,25.63428321251503,20.063423649831247,28.444681901198173
2019-08-15,138.2,32.0352043738732,25.653731566209064,21.44268303748333,28.84446797004113
2019-08-16,157.1,32.391616821289055,25.9291522686298,7.325333153208097,29.160384544959427
2019-08-17,151.0,31.29195227989783,25.53884946382961,26.42365178194913,28.41540087186372
2019-08-18,144.9,30.600683505718525,25.597749856802128,23.554040718710784,28.099216681260327
2019-08-19,151.8,32.120278431819024,25.596171159010677,4.260823293617276,28.85822479541485
2019-08-20,166.7,33.510341644287124,26.351471240703862,1.99689078737389,29.93090644249549
2019-08-21,180.0,34.04481477003831,26.362284000103305,3.262596368338121,30.203549385070808
2019-08-22,184.4,34.424670586219214,26.892776049100437,0.287915588554108,30.658723317659828
2019-08-23,168.6,32.37741631727952,25.781985943134014,8.238943525336005,29.079701130206765
2019-08-24,161.6,31.57720609811636,25.382689255934512,17.39410975756067,28.479947677025436
2019-08-25,151.5,32.011649205134475,25.303974885206948,10.915726809790637,28.65781204517071
2019-08-26,163.7,32.59572058457594,25.412648421067452,12.198503804929336,29.004184502821698
2019-08-27,167.1,33.288159737220184,25.74442540682279,4.57314972263394,29.516292572021484
2019-08-28,170.3,33.42401489844689,26.335704510028556,2.0988096007795045,29.879859704237724
2019-08-29,173.5,33.2856313265287,26.163212115947996,3.66602354338675,29.72442172123835
2019-08-30,178.5,33.70670333275429,26.28128873384916,4.413983248851521,29.993996033301723
2019-08-31,177.2,32.581462566669174,26.273436619685242,2.5423198875152715,29.427449593177208
2019-09-01,165.2,34.393913269042955,26.29608022249661,0.2999448785276123,30.344996745769784
2019-09-02,171.8,34.14778371957631,26.167476800771865,11.884503754702484,30.157630260174088
2019-09-03,178.4,32.73094470684344,25.715260872474087,11.601354658152124,29.22310278965876
2019-09-04,172.2,31.962417602539077,25.750970693734953,9.2382382596984,28.856694148137016
2019-09-05,171.8,32.441684282743026,26.178609848022443,3.7024158433531245,29.310147065382736
2019-09-06,170.8,32.028770006619965,26.160186327420735,4.179275723569324,29.09447816702035
2019-09-07,168.4,32.16811811006988,26.103565216064457,6.522319967096504,29.13584166306717
2019-09-08,153.1,31.783139742337728,25.91300450838529,10.21613484891978,28.848072125361508
2019-09-09,166.9,32.29581964932954,25.885063464824974,7.436178241715283,29.090441557077256
2019-09-10,173.9,34.25855739300068,26.239076907818113,2.181072534936848,30.248817150409394
2019-09-11,174.3,30.705579317533054,26.081924878633945,5.893393441583171,28.3937520980835
2019-09-12,162.9,29.74937394949105,25.677498010488655,13.779004115949974,27.713435979989853
2019-09-13,160.9,30.483802501971905,25.445527883676387,12.983757187019702,27.964665192824146
2019-09-14,166.7,32.16879595243012,25.605859903188836,6.019514715129677,28.88732792780948
2019-09-15,164.9,32.64755879915678,25.89959100576547,9.000649801709445,29.273574902461128
2019-09-16,175.3,32.400833716759315,26.00921850938063,8.307006595261175,29.205026113069973
2019-09-17,174.9,31.969086280235874,25.703828958364625,8.023281436977967,28.836457619300248
2019-09-18,164.1,32.82662655757024,25.21390944260817,2.015984249385919,29.020268000089207
2019-09-19,172.8,33.71268727229191,25.388468962449277,2.732390958251374,29.55057811737059
2019-09-20,183.4,33.637616964486945,25.311145782470703,0.3213875925902163,29.474381373478824
2019-09-21,176.2,33.450328240027815,25.360516328078045,1.6819606965238385,29.405422284052932
2019-09-22,162.8,32.65651512145997,24.97094051654522,3.9795167561281795,28.813727819002594
2019-09-23,166.7,30.773698366605323,24.524728188147893,13.953709255565297,27.64921327737661
2019-09-24,153.1,29.770513387826764,24.910728601308964,13.257097548156066,27.340620994567864
2019-09-25,139.1,27.384905008169326,23.528603627131535,45.31658231850825,25.45675431765043
2019-09-26,142.8,28.704345996563248,23.816584220299326,12.880515770478684,26.260465108431287
2019-09-27,140.9,29.06041761545036,23.488186616163983,19.1283311681314,26.27430211580717
2019-09-28,133.4,27.320864604069634,23.49821325448843,12.724078814188644,25.40953892927903
2019-09-29,122.6,26.652515117938705,22.837759311382595,37.40144273006555,24.74513721466065
2019-09-30,131.7,28.103208835308358,23.059902924757747,18.63817950089774,25.58155588003305
2019-10-01,140.1,30.276359998262855,23.652232243464542,9.841953923982203,26.9642961208637
2019-10-02,149.8,31.835554122924805,24.007578042837284,0.9515595002607856,27.921566082881043
2019-10-03,154.7,31.99672581599308,24.112948197584892,2.9948545468576016,28.054837006788986
2019-10-04,155.3,31.88392331049993,24.58059971149152,6.326315230492389,28.232261510995727
2019-10-05,143.9,32.653967930720405,24.794840152447026,4.339920160219528,28.724404041583718
2019-10-06,143.4,32.06107433025654,24.534945561335633,1.9733448249824124,28.298009945796085
2019-10-07,128.2,31.48010429969201,24.17202245272122,4.317096291617917,27.826063376206612
2019-10-08,120.5,29.829254150390625,23.87877655029297,3.7580267863743226,26.854015350341797
2019-10-09,118.3,29.075793339655945,22.854423376230095,18.733485425963543,25.96510835794302
2019-10-10,128.2,30.5652038867657,22.88010289118841,6.564307262048575,26.722653388977058
2019-10-11,140.5,31.28533715468187,23.097429128793582,1.5876759769338546,27.191383141737724
2019-10-12,141.4,31.574210387009842,23.33179796659029,1.0668622255325322,27.453004176800064
2019-10-13,139.1,31.38143876882699,22.975009771493767,4.5756804383162315,27.178224270160378
2019-10-14,141.5,31.62878550015963,22.240569041325482,0.0,26.934677270742554
2019-10-15,148.2,32.00622323843149,21.91312599182129,0.0,26.95967461512639
2019-10-16,141.6,31.863455405602096,22.467478972214924,0.0,27.165467188908508
2019-10-17,154.3,32.04105802682732,22.909231039193973,0.14516903956731167,27.47514453301065
2019-10-18,161.1,32.58304537259614,23.164387189424954,0.27718085773063417,27.873716281010545
2019-10-19,164.8,32.166606756357034,23.288639948918274,0.3085428033814286,27.727623352637654
2019-10-20,156.5,31.313392199002784,23.499527124258186,0.7150530146829996,27.406459661630485
2019-10-21,158.2,31.052041567288907,23.287907380324135,0.5549656206911261,27.16997447380652
2019-10-22,159.6,31.45845471895657,23.437603877140916,3.497267539754058,27.448029298048745
2019-10-23,149.6,28.93667807945838,22.73018514193023,0.0,25.833431610694305
2019-10-24,124.8,24.711267324594363,21.70487506573017,19.840075117169,23.20807119516227
2019-10-25,110.6,23.530577586247382,20.37557733975924,35.88051509676558,21.95307746300331
2019-10-26,116.3,26.01015839209923,19.95010845477765,21.124623981389135,22.98013342343844
2019-10-27,113.9,28.141399970421432,21.10157893254207,0.07351210894006657,24.62148945148175
2019-10-28,115.4,29.533631104689377,20.963060379028324,0.0,25.24834574185885
2019-10-29,115.1,29.911686823918252,19.81700779841497,0.0,24.86434731116661
2019-10-30,117.4,30.078837614793045,19.884481283334587,0.0,24.981659449063816
2019-10-31,123.7,30.004020104041466,20.708022044255184,0.0,25.356021074148323
2019-11-01,124.9,30.51603874793419,20.588919859666092,0.0,25.55247930380014
2019-11-02,123.3,30.776757607093206,20.30787027799166,0.0,25.542313942542435
2019-11-03,116.8,30.75904273986815,20.581710081834053,0.0,25.6703764108511
2019-11-04,125.0,30.677124023437504,20.506580939659703,0.0,25.591852481548603
2019-11-05,128.1,30.05480516873873,20.535181632408726,0.38465077949292725,25.29499340057373
2019-11-06,125.3,29.124045885526204,19.4897959782527,0.39821250872178493,24.30692093188945
2019-11-07,118.6,29.412636683537407,18.075004650996284,0.0,23.743820667266846
2019-11-08,117.2,28.02281321012058,19.240771366999716,0.0,23.63179228856015
2019-11-09,99.6,25.72926389254058,20.130391634427593,13.284197081219062,22.929827763484084
2019-11-10,91.1,27.880990395179147,20.100373194767876,37.53537332289143,23.99068179497351
2019-11-11,109.0,29.17211048419658,19.447687295766976,0.011245643550699394,24.309898889981778
2019-11-12,115.2,28.655981210561908,18.69501128563516,0.0,23.675496248098533
2019-11-13,115.8,29.227262790386494,17.665132155785194,0.0,23.446197473085846
2019-11-14,112.3,29.950937857994663,17.754072409409748,0.0,23.852505133702206
2019-11-15,117.8,30.369698891272915,17.825006558344924,0.0,24.09735272480892
2019-11-16,115.7,30.212656754713784,18.202633784367492,0.0,24.207645269540638
2019-11-17,106.1,29.722589639516972,18.204145724956806,0.0,23.96336768223689
2019-11-18,110.8,29.07632358257587,17.75269823807938,0.0,23.414510910327625
2019-11-19,111.2,28.094390135545,17.167747057401208,0.0,22.631068596473106
2019-11-20,114.1,27.8699183830848,16.62569625561055,0.116926158919479,22.247807319347675
2019-11-21,112.6,28.059547277597296,16.68537543370172,0.0,22.372461355649506
2019-11-22,114.2,27.867824407724243,16.355896582970242,0.0,22.111860495347244
2019-11-23,113.9,27.224656618558434,16.718496689429656,0.0,21.971576653994045
2019-11-24,102.9,27.584107619065488,16.74524542001579,0.0,22.16467651954064
2019-11-25,107.5,27.40957891024075,17.22977000016434,0.0,22.319674455202545
2019-11-26,110.8,28.198572892409086,16.728439991290752,0.0,22.46350644184992
2019-11-27,113.4,28.172783631544846,16.778747118436375,0.0,22.47576537499061
2019-11-28,113.0,28.462369185227605,16.463726337139413,0.0,22.46304776118351
2019-11-29,114.1,28.73999874408429,16.4895557990441,0.0,22.614777271564193
2019-11-30,115.6,28.171781833355258,16.436824211707485,0.0,22.30430302253137
2019-12-01,102.1,26.70412811866174,16.299282073974606,0.0,21.501705096318172
2019-12-02,108.5,26.301283029409547,15.98604385669414,0.0,21.143663443051842
2019-12-03,110.9,25.54583637530986,15.185135988088762,0.0,20.36548618169931
2019-12-04,110.1,25.47255633427546,14.380071713374209,0.0,19.926314023824833
2019-12-05,110.4,26.608500700730545,13.110148503230171,0.0,19.859324601980358
2019-12-06,110.8,26.977407895601708,13.158555030822754,0.0,20.06798146321223
2019-12-07,114.1,27.424038080068723,13.240559284503652,0.0,20.332298682286186
2019-12-08,107.6,26.926494451669548,13.984470514150773,0.0,20.45548248291016
2019-12-09,110.4,26.461368267352775,14.379001764150768,0.0,20.42018501575177
2019-12-10,114.3,25.899416703444242,14.080418513371395,0.0,19.98991760840782
2019-12-11,113.5,25.209831531231224,14.23093267587514,0.28127165274186566,19.72038210355318
2019-12-12,114.3,25.04949070857121,14.854760903578553,0.0,19.952125806074882
2019-12-13,113.2,24.97360068101149,15.396577761723437,0.0,20.185089221367463
2019-12-14,112.0,25.018046159010677,15.218654265770548,0.41619297433080105,20.118350212390613
2019-12-15,108.3,24.4984079507681,14.624374242929312,0.3836218732776066,19.561391096848705
2019-12-16,109.9,24.434931241548977,14.502584824195281,0.37726965185367695,19.46875803287213
2019-12-17,112.9,22.958859076866727,15.204334772550139,0.0,19.081596924708432
2019-12-18,111.2,21.276300430297848,13.28643160599929,0.0,17.281366018148567
2019-12-19,112.4,21.380134582519545,11.11716600564811,0.0,16.248650294083827
2019-12-20,109.4,20.288757470937888,10.642920567439155,0.0,15.465839019188522
2019-12-21,112.6,20.421556472778317,10.528533128591684,0.0,15.475044800685001
2019-12-22,104.1,20.50568125798152,11.379135131835945,0.0,15.942408194908733
2019-12-23,106.8,21.576060955341063,13.033761978149412,0.0,17.30491146674524
2019-12-24,111.8,22.43614475543681,10.682029357323284,0.0,16.559087056380047
2019-12-25,110.3,21.675770832942085,11.020215291243337,0.0,16.347993062092712
2019-12-26,109.6,20.029335168691787,11.932269133054291,0.7880652826843854,15.98080215087304
2019-12-27,107.0,18.55332888089693,10.459043246049145,6.5662769422386615,14.506186063473038
2019-12-28,111.1,20.513292899498577,8.481426899249737,0.01636737630222785,14.497359899374157
2019-12-29,100.7,21.76960695706881,8.408992400536173,0.0,15.08929967880249
2019-12-30,108.2,21.79461831312913,8.270736144139219,0.0,15.032677228634174
2019-12-31,110.2,23.2275000352126,8.471438554617077,0.0,15.849469294914838
2020-01-01,106.8,22.071043894841118,10.407366679264946,0.0,16.239205287053032
2020-01-02,107.0,23.178169837364774,12.755492137028623,0.13836692273616782,17.966830987196698
2020-01-03,106.4,19.84851059546838,13.326879354623646,8.476054368597081,16.587694975046013
2020-01-04,109.3,20.53408153240496,12.88455449617826,7.124906617583648,16.70931801429161
2020-01-05,102.9,20.51600955082821,12.653915331913883,0.36552750838525355,16.584962441371047
2020-01-06,106.4,19.994793965266314,10.341382686908421,0.09078050179011884,15.168088326087368
2020-01-07,109.1,21.39179728581354,9.369670721200793,0.0,15.380734003507165
2020-01-08,106.8,22.291689359224755,10.589111034686745,0.0,16.44040019695575
2020-01-09,109.6,21.389303354116578,13.148325993464539,1.777317562112303,17.26881467379056
2020-01-10,110.9,20.641296239999633,12.247737077566294,1.165385437734199,16.444516658782963
2020-01-11,110.0,20.946296838613655,10.546587137075571,0.0,15.746441987844612
2020-01-12,103.3,22.10314985421989,9.919092691861657,0.0,16.01112127304077
2020-01-13,110.9,22.240170845618618,9.408987228687,0.0,15.824579037152809
2020-01-14,113.8,23.45446381202111,9.77941256303054,0.0,16.616938187525825
2020-01-15,111.2,24.259657786442684,10.63123578291673,0.0,17.445446784679707
2020-01-16,113.8,25.2476153740516,11.61484446892372,0.0,18.43122992148766
2020-01-17,115.0,25.523829973660995,12.652791023254393,0.0,19.088310498457695
2020-01-18,116.0,25.982945515559262,13.263768196105946,0.09086959854219916,19.623356855832604
2020-01-19,107.4,22.704475989708524,13.239774410541248,0.05825407351508285,17.972125200124886
2020-01-20,112.2,21.29447218088004,12.021375582768371,0.08527159736011981,16.657923881824203
2020-01-21,122.3,21.797872249896695,10.6372038767888,0.0,16.217538063342747
2020-01-22,118.8,23.26225764934833,10.12811040878296,0.0,16.695184029065647
2020-01-23,118.3,22.26717772850623,11.605989052699162,0.014042774836222334,16.936583390602696
2020-01-24,121.4,22.131547340979925,11.000979680281425,0.0,16.566263510630677
2020-01-25,119.1,22.81824038578912,8.987086076002859,0.003423125906424091,15.902663230895989
2020-01-26,107.5,22.83600352360653,9.911278944749096,0.0,16.37364123417781
2020-01-27,113.9,23.209353226881753,10.204181157625644,0.0,16.7067671922537
2020-01-28,119.5,23.856785260714027,11.021702656379112,0.0,17.43924395854657
2020-01-29,114.1,24.12285305903507,13.618745363675632,4.108562852848661,18.87079921135535
2020-01-30,120.5,23.098599360539367,15.654442420372607,1.504811387170445,19.376520890455986
2020-01-31,118.9,22.841437119704022,13.368475767282348,1.8831376469496526,18.104956443493187
2020-02-01,119.8,23.13307703458346,11.71825078817514,0.003686510929555606,17.425663911379303
2020-02-02,111.4,23.05608103825496,10.957715327923106,0.0,17.00689818308903
2020-02-03,113.4,23.112341514000533,10.394851061014029,0.0,16.753596287507282
2020-02-04,121.4,23.797836156991828,10.281562585097095,0.0,17.039699371044463
2020-02-05,119.9,23.50755089979905,12.041667828193086,0.009690331690239182,17.774609363996067
2020-02-06,120.7,23.783034984882043,11.600036254295945,0.0,17.691535619588993
2020-02-07,121.4,21.648551060603218,11.902781706589922,0.0,16.77566638359657
2020-02-08,120.2,21.36888768122747,12.161945856534512,0.03125862032175066,16.76541676888099
2020-02-09,111.2,24.248004179734455,11.947113477266745,0.10460320205399484,18.0975588285006
2020-02-10,119.7,25.001013535719657,10.305907836327181,0.0,17.65346068602342
2020-02-11,120.9,25.48032819307767,10.716693071218648,0.0,18.09851063214816
2020-02-12,123.3,26.363623252281783,10.838526505690357,0.0,18.60107487898607
2020-02-13,122.5,26.552094239455002,11.550494340749905,0.0,19.051294290102454
2020-02-14,121.7,27.185755362877487,12.492438389704775,0.0,19.83909687629113
2020-02-15,120.6,26.66048387380746,14.087220045236439,0.0,20.37385195952195
2020-02-16,115.9,26.838387856116665,13.860112630403961,0.0,20.349250243260315
2020-02-17,121.0,26.82457263653095,14.09727316636306,0.0,20.460922901447006
2020-02-18,125.4,27.415435644296515,14.66054659623366,0.0,21.037991120265087
2020-02-19,124.2,27.301525556124172,14.63499083885781,0.0,20.96825819749099
2020-02-20,124.8,27.346740575937115,15.917418259840746,0.0,21.63207941788893
2020-02-21,130.0,28.186121720534103,15.500017386216388,0.0,21.843069553375244
2020-02-22,124.9,27.551548737746007,15.513578781714822,0.0070442995338728795,21.532563759730415
2020-02-23,113.2,28.96497565049392,16.090382796067455,0.029072150136485213,22.527679223280686
2020-02-24,116.3,26.824284040010884,16.70254281850962,0.5030575611374596,21.763413429260254
2020-02-25,113.5,23.047676966740532,16.509527059701767,1.536687771479289,19.77860201322115
2020-02-26,115.4,23.546270370483402,15.12481740804819,7.068271881703174,19.335543889265796
2020-02-27,119.7,26.012595103337215,14.652290784395662,1.5014448118480754,20.33244294386644
2020-02-28,119.9,27.279392682589027,14.794697761535645,0.0,21.037045222062336
2020-02-29,120.5,28.14193446819598,15.605947201068565,0.0,21.873940834632272
2020-03-01,111.1,29.134819324199967,16.315564449016872,0.0,22.72519188660842
2020-03-02,120.1,29.43753037085899,16.951122283935554,0.0,23.19432632739727
2020-03-03,115.5,29.156683261577903,17.409201622009277,0.7150582698258479,23.28294244179359
2020-03-04,111.4,28.081251144409176,17.17621597876917,8.77247786521911,22.628733561589172
2020-03-05,115.5,27.57914147010217,16.91495910057654,5.334893566189394,22.247050285339355
2020-03-06,114.0,26.23072052001954,17.788627551152153,1.9707135540066338,22.009674035585846
2020-03-07,109.7,26.27643673236552,17.328900997455296,15.056080891778974,21.80266886491041
2020-03-08,104.9,27.948091066800636,17.679363397451553,4.933364068016856,22.813727232126094
2020-03-09,100.0,27.831838901226337,16.355051114008987,0.004862430872339182,22.09344500761766
2020-03-10,101.1,28.73501645601713,16.211570372948284,0.0,22.473293414482708
2020-03-11,114.5,29.074185004601116,17.219046812791078,0.0,23.1466159086961
2020-03-12,123.8,30.249048673189584,18.17367223592905,0.3704025176438416,24.21136045455932
2020-03-13,132.2,30.23602823110729,19.25165777940015,0.34492268164952605,24.743843005253723
2020-03-14,129.0,25.849603652954084,19.542753366323616,1.5886316642616742,22.696178509638848
2020-03-15,113.1,28.519959229689377,17.496202175433833,5.0417802518967445,23.008080702561607
2020-03-16,129.0,29.991835520817673,17.584921616774338,0.196592186888059,23.788378568796006
2020-03-17,142.0,30.649936529306277,18.3028773527879,0.0,24.476406941047088
2020-03-18,142.2,30.451754203209518,18.00620570549597,0.0,24.228979954352745
2020-03-19,141.3,30.43850311866172,18.09156483870286,0.0,24.26503397868229
2020-03-20,140.2,30.63754888681265,17.862209026630104,0.2982392789739554,24.249878956721375
2020-03-21,135.2,30.67379584679236,18.63522140796368,0.8359696937329827,24.65450862737802
2020-03-22,100.4,27.678170717679524,18.871573741619407,9.102336556622477,23.274872229649468
2020-03-22,100.4,27.678170717679524,18.871573741619407,9.102336556622477,23.274872229649468
2020-03-23,114.7,29.956036200890182,18.14372077355018,0.2721354320193782,24.04987848722018
2020-03-24,106.4,31.06264569209172,18.39597731370192,1.3893879421732651,24.72931150289682
2020-03-25,107.8,32.05373925429123,19.614942550659176,0.0,25.834340902475205
2020-03-26,111.8,33.02651287959173,20.791183324960564,0.08084265391031911,26.908848102276146
2020-03-27,117.0,33.69421856219951,21.01315307617187,0.0,27.353685819185692
2020-03-28,125.2,33.964102084820084,21.965766173142665,0.04522936271898667,27.964934128981376
2020-03-29,125.7,33.68017270014836,22.089703633235054,0.0,27.884938166691708
2020-03-30,126.1,33.29810509314903,20.73027464059682,0.0,27.014189866872925
2020-03-31,128.0,33.62095495370719,20.04667428823617,0.0,26.83381462097168
2020-04-01,127.6,34.31304418123686,20.96317291259766,0.0,27.63810854691726
2020-04-02,131.6,34.916488060584406,20.939802976754983,0.6099312684752727,27.928145518669695
2020-04-03,136.8,34.43185586195726,21.58841925400953,0.5620446421883322,28.010137557983395
2020-04-04,138.9,34.23852465702939,20.70298965160663,0.0,27.470757154318008
2020-04-05,140.1,34.08613894535947,20.99966914837177,0.01305973145997888,27.542904046865623
2020-04-06,134.7,34.79181421720065,20.714653895451463,0.0,27.753234056326058
2020-04-07,139.9,35.56380051832933,21.267998622013973,0.009613400155847728,28.415899570171653
2020-04-08,136.4,34.702536803025474,22.359932679396408,0.02386783289186882,28.53123474121094
2020-04-09,124.2,34.05599227318397,20.528445317195008,2.2510371610070714,27.292218795189488
2020-04-10,137.3,34.54475417503943,21.04747830904448,1.295996333613541,27.796116242041954
2020-04-11,142.5,34.21119132408728,22.243054903470544,0.0,28.227123113778912
2020-04-12,130.3,33.22856917748083,21.260633175189675,1.1329406540502207,27.24460117633525
2020-04-13,143.3,34.07552880507252,22.57875369145319,0.16299037319241141,28.327141248262855
2020-04-14,151.4,35.44045639038086,23.26506218543419,0.0,29.352759287907524
2020-04-15,137.6,31.169539965116066,23.38925493680515,1.3183483386581618,27.27939745096061
2020-04-16,127.2,32.61561921926646,21.283311550433805,5.619728212103696,26.949465384850136
2020-04-17,130.9,32.03563279371994,22.38135763315054,3.487417849175858,27.208495213435242
2020-04-18,125.8,32.40111057574932,22.628369844876797,1.4578104281064246,27.514740210313057
2020-04-19,118.8,32.85884901193472,21.477409362792965,2.7478800163124544,27.168129187363846
2020-04-20,118.4,32.39093237656813,22.068612318772526,6.188240622029167,27.229772347670327
2020-04-21,82.4,27.0182933807373,20.624790044931267,16.070928794868056,23.821541712834282
2020-04-22,95.1,30.173055942241945,19.93145253108098,6.716909836639057,25.05225423666146
2020-04-23,99.8,30.349591035109288,21.4647577725924,0.9151439027804317,25.907174403850846
2020-04-24,93.3,29.19657120337854,20.581944245558518,10.359795205520859,24.88925772446853
2020-04-25,97.8,29.41916612478402,20.83625910832332,5.489309809424657,25.12771261655367
2020-04-26,98.4,29.347501461322487,21.55002359243539,1.084283388473771,25.448762526878937
2020-04-27,97.7,30.56568541893592,21.160730215219353,6.374067861022368,25.863207817077637
2020-04-28,91.6,28.62446080721342,21.642289821918176,8.648072662227081,25.133375314565797
2020-04-29,97.1,30.160157717191257,20.815922663762016,7.403364677320824,25.48804019047664
2020-04-30,106.8,31.77025750967173,21.73342910179726,1.361012036150152,26.751843305734496
2020-05-01,101.9,31.479841672457173,22.61214006864108,4.589890151990184,27.045990870549126
2020-05-02,95.6,30.54861993056077,20.91127938490647,14.910512154752558,25.72994965773362
2020-05-03,103.2,31.93233079176684,21.543004256028397,4.262690532162335,26.73766752389762
2020-05-04,120.1,31.917907274686364,23.400456942044777,0.010511671051834575,27.65918210836557
2020-05-05,127.0,32.29945138784556,23.20365597651555,1.7842054764429738,27.751553682180553
2020-05-06,107.4,31.732321812556332,20.886728433462284,19.39781118884231,26.30952512300931
2020-05-07,116.0,32.12181340731107,22.519662710336515,1.2436012932748515,27.320738058823792
2020-05-08,112.9,32.914474634023826,21.056511805607723,8.316547393798817,26.985493219815773
2020-05-09,130.7,34.036685356727,22.290982319758477,0.9616559996749415,28.163833838242738
2020-05-10,131.3,34.71795302170973,23.946011910071753,0.5131674535346756,29.331982465890743
2020-05-11,120.0,32.979150772094734,22.371815314659713,11.423534810543051,27.675483043377223
2020-05-12,138.7,34.75296049851637,23.818369205181416,0.01349433263142903,29.285664851848892
2020-05-13,140.3,33.92274768535907,23.850020335270816,2.8257608038909505,28.88638401031494
2020-05-14,143.5,33.952859878540046,24.060371252206657,6.288176705891435,29.00661556537335
2020-05-15,145.2,33.908935546875,24.472659037663387,2.9874372685497472,29.190797292269195
2020-05-16,151.7,34.60126876831054,24.52362001859226,4.196285357529464,29.5624443934514
2020-05-17,149.0,34.78909419133113,24.215245907123272,5.401176128423576,29.502170049227203
2020-05-18,157.7,34.5576928945688,24.760845624483558,0.9449960535222849,29.65926925952618
2020-05-19,148.2,32.714690721952,25.50166907677282,1.3086928960048794,29.108179899362412
2020-05-20,75.1,27.13337326049805,22.975558501023507,14.653542297807604,25.05446588076078
2020-05-21,51.5,28.42685611431415,21.482781483576844,69.51876368667142,24.954818798945496
2020-05-22,78.3,31.105271852933445,23.101660948533272,7.681751279668376,27.10346640073336
2020-05-23,102.9,32.94034180274376,24.609720083383404,1.4067698875159955,28.775030943063584
2020-05-24,118.4,33.71960419874925,25.54585823645959,1.1264765885743238,29.632731217604423
2020-05-25,113.4,33.72102884145883,25.281528032742997,4.30474256927317,29.501278437100915
2020-05-26,120.2,33.88622797452486,25.376308001004723,7.646442131111116,29.63126798776479
2020-05-27,104.6,31.663775957547706,24.03874045151932,6.721195712234034,27.851258204533515
2020-05-28,89.8,29.454298606285697,22.459866303663983,26.765640566746395,25.957082454974838
2020-05-29,113.9,32.11258785541241,22.955812014066247,3.4445453904794956,27.534199934739327
2020-05-30,129.5,33.039514981783356,23.771588839017422,0.9500820076826858,28.40555191040039
2020-05-31,120.4,32.3034530052772,23.926605077890255,10.309821382616501,28.115029041583725
2020-06-01,123.1,32.98400101294884,23.7270937699538,10.51228642960389,28.355547391451317
2020-06-02,130.9,33.84286249600925,23.379776000976566,10.653216385480127,28.61131924849291
2020-06-03,138.6,34.03099001370942,24.450057543241055,10.831546834020905,29.240523778475236
2020-06-04,148.8,33.597222694983856,25.324903194720942,2.747352889089875,29.4610629448524
2020-06-05,141.3,32.16301697951097,24.171610612135666,14.609757606730312,28.16731379582332
2020-06-06,157.4,32.880114922156714,24.8912702707144,19.831044559677434,28.885692596435558
2020-06-28,137.4,31.96788259652944,24.898003504826473,24.547336480834268,28.432943050677956
2020-06-29,150.4,31.91353387099047,25.07593697767989,24.98108455629059,28.494735424335182
2020-06-30,165.7,34.228435663076546,25.740312723013062,1.5090925479025556,29.984374193044804
2020-07-01,173.0,34.50335649343636,26.593885128314678,4.869160877935814,30.54862081087552
2020-07-02,175.8,33.65768153850849,26.532405853271477,17.498363167047494,30.095043695889984
2020-07-03,174.2,32.579972340510444,26.166050690871014,10.875750133485507,29.373011515690727
2020-07-04,171.3,32.83315893319936,26.076517251821663,5.0699771200165635,29.45483809251051
2020-07-19,159.0,31.330983968881455,26.511638788076546,6.40522077815099,28.921311378479
2020-07-20,156.6,30.914165643545303,25.204169786893413,20.14682932152893,28.05916771521936
2020-07-21,152.8,31.94426756638747,25.622846163236186,41.55099774445546,28.78355686481183
2020-07-22,148.7,30.905624829805824,25.15353657649113,41.26939751885154,28.029580703148476
2020-07-23,136.5,30.51277908912072,25.022610297569866,18.145880912289467,27.76769469334529
2020-07-24,147.1,30.627974290114174,25.12100131695087,11.208147401159463,27.874487803532524
2020-07-25,151.3,33.27183004525992,25.29666724571814,7.203361364928158,29.28424864548903
2020-07-27,174.1,33.3329366537241,27.03708355243389,5.772585308913031,30.185010103078994
2020-07-28,167.1,32.808033869816725,25.741575974684473,18.15715078670869,29.2748049222506
2020-07-29,152.5,32.85004381033091,25.428422340979953,18.006555770382736,29.139233075655433
2020-07-30,164.9,32.326052298912636,25.849383867703956,9.60723750473875,29.087718083308296
2020-07-31,172.3,32.75882926354042,26.018781075110805,13.247505587158779,29.388805169325614
2020-08-01,168.6,33.70843843313363,25.927183738121617,11.419353366801232,29.817811085627625
2020-08-02,172.3,34.68602782029371,26.74873352050781,7.530955396366843,30.717380670400757
2020-08-10,170.0,32.79950728783241,26.16855870760405,10.211728592262123,29.48403299771823
2020-08-11,173.6,32.84650113032414,26.400012383094193,12.506304716973595,29.623256756709168
2020-08-12,178.0,32.61158341627855,26.298138545109683,8.177805280143566,29.454860980694114
2020-08-13,176.1,33.31601509681114,26.164062353280865,9.51305365697904,29.740038725046006
2020-08-14,173.5,33.3673852773813,26.232656478881832,4.062684337298076,29.80002087813157
2020-08-15,152.9,31.973936667809134,26.142429791964005,5.364673687201555,29.05818322988657
2020-08-16,153.7,32.16743322519154,25.774652187640854,10.693701066754077,28.971042706416196
2020-08-17,163.1,32.35062584510215,25.91423401465781,8.541811107234524,29.132429929879983
2020-08-18,166.0,32.81581482520468,26.049962557279155,4.508032442493874,29.43288869124192
2020-08-19,155.4,31.996918311485885,25.81082916259766,19.176335886120793,28.90387373704177
2020-08-20,135.8,29.839842576246987,25.269280066856975,23.322807629903146,27.55456132155198
2020-08-21,136.5,30.15157186068021,25.077902427086478,21.983944069255482,27.614737143883346
2020-08-22,150.2,31.692636636587288,25.042334923377403,14.397867878278095,28.367485779982346
2020-08-23,147.9,31.803169984083905,25.392295250525827,9.8556391043645,28.597732617304864
2020-08-24,156.7,31.82559688274677,25.208696805513828,13.316092818072342,28.5171468441303
2020-08-25,163.9,32.788946151733406,25.83868070749137,5.124640837311746,29.313813429612388
2020-08-26,154.9,31.429332292996925,25.400135480440575,17.878419717152916,28.41473388671875
2020-08-27,143.7,31.390700266911413,25.289536842933064,15.733249093547013,28.34011855492224
2020-08-28,153.8,32.6335151378925,25.302308009221,7.411636566573925,28.96791157355675
2020-08-29,165.9,33.591612155620844,25.632356203519382,4.6795610473914575,29.611984179570115
2020-08-30,167.4,33.9825857602633,26.259848081148586,11.69171664705781,30.12121692070594
2020-08-31,172.1,33.96314694331241,26.539598758404075,8.71496792273088,30.251372850858242
2020-09-01,159.6,30.661465131319485,26.462552730853734,11.441573725731072,28.56200893108661
2020-09-02,154.5,32.20765979473406,24.935279406034034,16.165445761247117,28.57146960038405
2020-09-03,164.5,33.4563418168288,25.44374377910907,3.1988068507476313,29.450042797968933
2020-09-04,175.9,34.44385132422814,25.860733472383934,2.5291980705929533,30.152292398306038
2020-09-05,178.5,33.77771803048941,26.188726278451774,2.261117569876441,29.983222154470592
2020-09-06,165.6,32.64612476642316,26.304032399104187,4.523873518813738,29.475078582763675
2020-09-07,162.6,32.00497627258302,25.651445388793938,8.954334686199823,28.82821083068848
2020-09-08,168.4,32.976137894850496,25.502533252422623,28.42052188470508,29.23933557363656
2020-09-09,175.1,33.231779685387245,25.611296433668866,14.182727900869908,29.421538059528054
2020-09-10,174.8,32.67083974984976,25.913815865149864,5.648325198979091,29.292327807499813
2020-09-11,169.4,32.421364124004654,25.85401799128605,15.278572147542764,29.137691057645352
2020-09-12,171.8,33.15943409846381,25.82515716552735,10.019978340150733,29.49229563199558
2020-09-13,167.9,32.234784052922166,25.995400942288917,9.213439758076811,29.11509249760554
2020-09-14,176.6,32.234455842238205,25.834498918973487,9.540156100735521,29.034477380605846
2020-09-15,174.2,32.03490800123949,26.052528821505028,20.707447767709226,29.043718411372257
2020-09-16,168.6,33.085380114041826,25.92763475271371,12.885717461054988,29.50650743337777
2020-09-17,161.6,32.654868492713334,26.153695179865903,6.684225117618385,29.40428183628962
2020-09-18,161.2,31.88852368868314,25.4953814286452,20.129906841299757,28.69195255866417
2020-09-19,178.4,34.015900978675255,25.58494157057542,5.3507854193449,29.800421274625336
2020-09-20,170.1,33.3470533811129,26.32204598646897,0.9038061824711884,29.834549683790936
2020-09-21,160.6,31.76811702434835,25.44376358619104,9.526019158236911,28.605940305269694
2020-09-22,156.4,30.35822618924654,25.592188174907964,16.841075666023027,27.975207182077252
2020-09-23,155.8,30.65722993703989,25.19697673504169,28.639745389873344,27.92710333604079
2020-09-24,163.0,31.13335389357345,25.30079049330491,20.510763294994838,28.21707219343918
2020-09-25,162.6,29.708131203284644,25.332420055682842,7.108601592706921,27.52027562948374
2020-09-26,157.4,30.621337157029355,24.96051993736853,15.416789504614743,27.790928547198945
2020-09-27,151.6,31.782521614661576,24.291190220759457,18.087433981172964,28.03685591771052
2020-09-28,170.8,32.90564522376427,24.793336134690495,1.4548880566250189,28.84949067922738
2020-09-29,175.8,32.88236456650955,25.622786301832924,0.9202697313193124,29.252575434171238
2020-09-30,168.8,33.054330532367416,25.474736727201012,0.7991109973553451,29.264533629784214
2020-10-01,166.9,32.44881072411171,25.28607529860276,9.157275926886186,28.867443011357235
2020-10-02,158.2,32.25168242821326,24.9634826366718,6.899622201016456,28.607582532442528
2020-10-03,158.3,31.867699109590966,25.182747914240906,8.32139170711691,28.525223511915936
2020-10-04,151.5,32.449238410362824,25.037456952608554,6.733962840880411,28.743347681485687
2020-10-05,158.1,32.57959761986365,25.1911753140963,2.7631613384142057,28.885386466979973
2020-10-06,159.5,31.969203362098128,25.009255629319405,7.323260309569767,28.489229495708766
2020-10-07,160.3,31.434185174795285,25.217081216665406,9.866524509408258,28.325633195730347
2020-10-08,164.0,32.807176443246696,25.10715513962966,6.5572480229717325,28.95716579143818
2020-10-09,171.6,33.402130567110504,25.245406957773064,0.5245306329293685,29.323768762441784
2020-10-10,172.3,33.58713458134578,25.152311031635,2.4301224933429206,29.36972280649039
2020-10-11,162.6,34.155026215773375,24.971554536085858,1.9138929089813521,29.56329037592962
2020-10-12,174.0,34.05599902226375,25.12893104553222,0.4450077491276193,29.592465033897984
2020-10-13,178.6,34.155030470627985,25.137863159179695,0.6819210138284797,29.64644681490384
2020-10-14,178.8,33.83353248009316,24.997590138362,0.05132335063182936,29.41556130922758
2020-10-15,176.7,33.76816397446852,24.87817441500151,1.4656828307744227,29.323169194735016
2020-10-16,178.0,33.884339259221015,24.87125807542068,0.3763816609527124,29.377798667320846
2020-10-17,178.3,34.312557807335494,25.07081780066858,0.41807754744182896,29.691687804002036
2020-10-18,170.0,33.175632036649276,25.079176535973172,0.6211012710224509,29.127404286311226
2020-10-26,120.3,31.331189815814678,22.291498771080594,3.221950948238371,26.811344293447636
2020-10-27,120.8,31.88955805851862,20.49342140784629,0.0722854859901197,26.191489733182458
2020-10-28,126.5,31.815560560960044,20.19855734018179,0.0,26.007058950570915
2020-10-29,137.1,31.8833059164194,20.221275476308968,0.0,26.05229069636418
2020-10-30,135.3,32.95473949725813,20.721687903771024,0.0,26.83821370051458
2020-10-31,142.0,32.684811812180726,20.733558361346905,0.0,26.709185086763817
2020-11-01,136.4,32.07015683100774,22.14026245704065,0.32610791921615606,27.105209644024196
2020-11-02,146.1,32.11636822040266,22.343229733980614,0.3101163854201634,27.22979897719164
2020-11-03,142.9,31.406090222872212,21.31206996624286,0.06004022016669758,26.359080094557534
2020-11-04,126.2,30.41374646700344,19.350289564866276,0.0,24.882018015934857
2020-11-05,119.0,30.28749113816481,17.55285453796386,0.0,23.920172838064335
2020-11-06,116.9,29.870916660015403,17.21243242117075,0.0,23.54167454059308
2020-11-07,111.7,29.55502876868615,16.76635397397555,0.0,23.16069137133085
2020-11-08,105.2,30.224217341496374,16.570140838623054,0.0,23.397179090059716
2020-11-09,114.8,30.572535881629353,16.48723528935358,0.0,23.529885585491467
2020-11-10,118.9,30.46549342228817,17.1016790683453,0.0,23.783586245316734
2020-11-11,123.0,30.85325695918156,18.490499349740826,0.0,24.671878154461194
2020-11-12,120.9,31.287509771493752,18.02259452526386,0.0,24.655052148378807
2020-11-13,121.8,31.17621715252216,18.2084324176495,0.0,24.69232478508583
2020-11-14,113.5,31.20770923907941,17.514963956979592,0.0,24.361336598029503
2020-11-15,106.1,31.03156632643479,18.400832029489376,0.0,24.716199177962082
2020-11-16,108.0,30.956942191490764,17.618411797743583,0.0,24.287676994617172
2020-11-17,110.3,30.089718011709355,17.740386449373695,0.0,23.915052230541527
2020-11-18,114.4,29.540324431199302,17.631782311659595,0.0,23.58605337142945
2020-11-19,118.5,29.39238680326021,17.8358773451585,0.4536267988609543,23.614132074209355
2020-11-20,121.7,29.62759927602915,18.45764284867507,0.21251736807100688,24.04262106235211
2020-11-21,116.8,27.194263311532833,18.929201639615577,2.7673403661359437,23.061732475574203
2020-11-22,100.7,26.754789058978737,15.818548789391162,0.07618557910124463,21.28666892418495
2020-11-23,100.7,26.615853089552658,13.535000801086438,0.0,20.07542694531955
2020-11-24,110.1,26.57822917057918,13.630463380080004,0.0,20.104346275329593
2020-11-25,109.0,27.11955231886644,13.693271930401144,0.0,20.406412124633793
2020-11-26,106.5,26.67853326063889,14.537300036503721,0.0,20.607916648571305
2020-11-27,109.0,24.792836556067833,17.492394300607536,0.0,21.142615428337685
2020-11-28,110.8,28.346325654249906,15.604775942288917,0.004236333749511031,21.97555079826941
2020-11-29,104.5,28.06318136361929,14.211122219379124,0.0,21.137151791499207
2020-11-30,109.5,27.58378762465256,13.847223355219914,0.0,20.715505489936238
2020-12-01,111.3,27.964141992422245,14.061480375436638,0.0,21.012811183929443
2020-12-02,111.8,27.542027106651876,14.283013783968416,0.0,20.912520445310147
2020-12-03,113.1,27.570134969858028,14.817344445448652,0.0,21.19373970765334
2020-12-04,112.7,27.006224999061,14.9665525142963,0.0,20.98638875667865
2020-12-05,114.1,26.611998484684875,14.544914025526776,0.016260576970649483,20.578456255105827
2020-12-06,102.7,26.378001726590675,14.856527255131661,0.18977473518162055,20.617264490861167
2020-12-07,113.2,26.388110527625447,14.651994338402375,0.11803085876233636,20.52005243301391
2020-12-08,112.1,25.966619051419766,15.297488946181092,0.0,20.63205399880043
2020-12-09,114.6,25.3063351557805,14.52345782059889,0.0,19.914896488189694
2020-12-10,113.3,24.723704264714165,14.587596966670096,0.0,19.65565061569213
2020-12-11,114.0,23.92033664996806,15.049841367281406,0.0,19.485089008624733
2020-12-12,114.1,25.089639516977158,14.749950482295114,0.0,19.919794999636135
2020-12-13,106.8,24.939093369704032,14.83536925682657,0.0,19.887231313265303
2020-12-14,113.0,24.494932027963493,15.448996397165143,0.009690331690239182,19.971964212564316
2020-12-15,115.4,25.035679010244525,15.082179436316837,0.0,20.058929223280682
2020-12-16,114.2,25.42784368074857,14.765581204341014,0.0,20.096712442544792
2020-12-17,116.2,24.205725303063033,13.922183623680693,0.0,19.063954463371864
2020-12-18,115.7,22.773150370671196,12.709384037898136,0.0,17.741267204284668
2020-12-19,114.2,22.122033779437736,11.006530064802908,0.0,16.564281922120323
2020-12-20,105.3,22.946933159461402,10.056560039520265,0.0,16.501746599490833
2020-12-21,112.0,23.958174778864933,10.11312161959135,0.0,17.03564819922814
2020-12-22,114.1,23.95576579754169,10.363420266371504,0.0,17.159593031956597
2020-12-23,116.3,23.907985540536735,10.6716509598952,0.0,17.289818250215966
2020-12-24,116.2,24.4697048480694,11.607532794658958,0.0,18.03861882136418
2020-12-25,111.7,24.051716731144833,10.794947770925663,0.0,17.423332251035248
2020-12-26,112.3,23.950337776770958,10.758406345660871,0.0,17.354372061215916
2020-12-27,110.0,23.57221632737378,10.109814717219425,0.0,16.8410155222966
2020-12-28,111.1,23.569912983820977,9.930082687964804,0.0,16.74999783589289
2020-12-29,116.1,23.50439702547512,10.118489999037518,0.0,16.811443512256318
2020-12-30,115.9,24.18042021531325,10.423821669358485,0.0,17.30212094233587
2020-12-31,116.9,24.1837645310622,10.296122514284564,0.0,17.239943522673382
